Rozmiar;Sredni_Czas_ms
6;0.00512
7;0.01498
8;0.08548
9;0.74388
10;7.9604
11;73.2269
12;909.303
13;10618.4
